arrival_time,origin,destination
53946.0882389,1,2
53574.0565378,1,2
53888.5359593,G,2
53940.8437459,1,2
53809.9168141,G,2
53430.2663926,G,2
53867.5629293,1,2
53969.4509129,1,2
53887.4569057,1,2
53381.4397999,G,2
53464.4337169,1,2
53850.5481171,G,2
53849.4427469,G,2
53790.9175305,1,2
53820.6348619,G,2
53940.7777348,G,2
53362.5915909,1,2
53564.8470658,G,2
58682.982828,2,G
58503.2094064,2,G
58518.0591839,2,G
58553.2222214,2,G
58563.1596504,2,1
58545.819081,2,1
58531.5104025,2,G
58515.6251156,2,G
58580.6326995,2,G
58868.6027,2,G
58514.4658077,2,G
58516.8436233,2,G
58553.2948869,2,G
58500.3252273,2,G
58590.4973226,2,G
58503.9289382,2,1
58500.2412641,2,G
58533.1958266,2,1
28295.7198263,1,3
28597.3371723,1,3
28585.0862817,G,3
28289.5327081,1,3
28647.8762646,1,3
28520.4161755,1,3
28652.0931101,1,3
28586.649594,G,3
28344.7101319,G,3
28587.5138492,1,3
28643.6587804,G,3
28607.6641619,G,3
28364.5851723,G,3
28165.7493808,1,3
28356.6539369,1,3
28619.7620418,G,3
28641.473736,1,3
28693.8273524,G,3
28655.7974431,1,3
28405.335286,1,3
28580.4699095,1,3
28712.855902,1,3
28653.701824,G,3
28342.0972526,G,3
28563.4209156,1,3
28519.4483668,1,3
28668.7292979,G,3
28683.0868242,G,3
28055.5306873,1,3
28675.0981154,G,3
28522.4888349,G,3
28268.9013286,G,3
28146.2648405,G,3
28652.326566,G,3
28707.2341566,G,3
28571.4327451,G,3
28492.755026,G,3
28665.993138,G,3
28739.9442419,G,3
28346.3369076,G,3
28624.0943812,G,3
28624.9245988,G,3
28568.7364846,1,3
28565.2505961,G,3
28102.1462039,1,3
28484.4660269,1,3
28757.6378777,G,3
28659.1226132,G,3
28098.3939319,1,3
28716.5310955,1,3
28440.5599007,G,3
28692.5103846,G,3
28670.437107,G,3
28501.9265955,G,3
28310.2398315,G,3
28771.1413146,G,3
28569.4872375,G,3
28386.7267449,G,3
27918.3770356,G,3
28612.9145124,1,3
28491.2922832,1,3
28721.3965005,G,3
28137.9833873,1,3
28521.9800651,1,3
28608.3901416,1,3
28512.4451014,1,3
28482.361186,G,3
28411.7707796,G,3
33396.0924267,3,G
33366.0864712,3,1
33325.3706865,3,G
33317.7293877,3,1
33300.039178,3,G
33335.0175899,3,1
33300.1775348,3,G
33311.6161258,3,1
33338.9627506,3,1
33308.5966086,3,G
33438.408051,3,1
33309.2374265,3,1
33318.4547333,3,G
33340.1055365,3,1
33304.7644719,3,1
33314.5516616,3,1
33300.1786224,3,G
33318.9571793,3,G
33301.2740542,3,G
33301.08016,3,1
33352.2877443,3,1
33414.0536066,3,G
33305.4336953,3,1
33305.0203802,3,1
33533.57725,3,1
33347.4207141,3,G
33524.3143507,3,G
33444.9188642,3,G
33405.0748448,3,G
33386.9920672,3,1
33305.9018114,3,G
33374.7929089,3,G
33548.3706835,3,G
33300.1367786,3,G
33517.5746059,3,1
33341.3732503,3,1
33394.8721262,3,G
33316.2340839,3,G
33300.1102356,3,G
33388.0040819,3,1
33323.056867,3,G
33332.3503577,3,G
33305.6837664,3,G
33309.1131427,3,G
33334.4240448,3,G
33305.60263,3,G
33339.5202871,3,G
33349.3023689,3,G
33350.6245861,3,G
33308.0731676,3,G
33390.4802397,3,1
33515.6801973,3,1
33300.5414904,3,1
33302.949866,3,G
33354.8697405,3,1
33328.5599724,3,G
33302.4447623,3,G
33300.4275401,3,G
33315.5504387,3,G
33337.8807254,3,G
33401.3119654,3,G
33336.5687215,3,1
33418.0937035,3,G
33341.6744499,3,G
33310.7762022,3,G
33319.2948437,3,G
33313.5802089,3,G
33500.4952367,3,G
37740.4646587,1,3
37716.2333041,G,3
37697.7269926,G,3
37351.2499748,G,3
37321.8612215,G,3
37645.3201165,1,3
37654.4943155,G,3
37665.241495,1,3
37437.02294,1,3
37332.9918484,G,3
37055.8935097,G,3
37599.6924415,G,3
37393.1527304,1,3
37587.7403988,1,3
37719.3183039,G,3
37479.9502016,G,3
37752.0493548,G,3
37666.0560629,G,3
37732.5863837,G,3
37541.8638089,G,3
37763.8135083,1,3
37713.5244814,G,3
37433.8847894,G,3
37603.1130707,G,3
37218.2233828,1,3
44724.3835201,3,1
44701.2294811,3,1
44700.1568817,3,G
44700.3827354,3,G
44736.3805275,3,1
44723.2857619,3,1
44913.2996595,3,G
44703.9305572,3,1
44777.8035068,3,1
44702.7987158,3,G
44706.6804308,3,1
44700.040074,3,G
44703.3420025,3,G
44961.3921236,3,1
44723.7503615,3,G
44975.267106,3,G
44703.6954196,3,G
44873.9920959,3,G
45032.5227865,3,G
45054.1381807,3,G
44705.7595299,3,G
44700.0002365,3,1
44708.1144184,3,1
44780.2235493,3,G
44826.4911431,3,1
33936.8390043,G,2
33979.3753673,G,2
33973.6229896,G,2
34122.6459778,G,2
33991.7849471,G,2
34014.4390707,G,2
34056.4384382,G,2
34193.8867977,1,2
34092.7865066,1,2
34128.306376,G,2
33908.4994758,G,2
33675.4864253,G,2
33563.8015418,G,2
34066.3024084,G,2
33720.5495493,1,2
33729.3887716,1,2
34026.6718019,G,2
34128.2003388,1,2
33747.3177676,G,2
33933.8351495,G,2
33905.1386041,G,2
34181.3615601,G,2
34108.4902871,1,2
42902.4805814,2,1
42900.3077855,2,G
42900.0359712,2,G
42914.5794095,2,1
42911.4302637,2,G
42909.7412156,2,1
42954.4514954,2,G
42974.2256929,2,G
42925.0356804,2,G
42970.6003147,2,G
43056.685882,2,1
42911.9773626,2,G
43122.3205483,2,1
42904.4098417,2,1
42900.0183931,2,G
43211.4701135,2,1
42916.1822904,2,G
42959.2502796,2,G
42908.6538455,2,G
42966.5262199,2,G
42993.339941,2,G
42934.1515812,2,G
42903.1786679,2,G
64712.0664906,G,3
64752.4786405,G,3
64133.1279674,1,3
64685.3470181,G,3
64545.5248248,G,3
64756.2640247,G,3
75681.3800401,3,G
75700.3045803,3,G
75602.0954269,3,G
75618.6363399,3,1
75643.5752466,3,G
75627.2914979,3,G
46200.1632516,G,2
46584.2845447,G,2
46429.1598406,1,2
46594.2342498,1,2
46179.2606786,1,2
46340.6128541,G,2
46637.3483341,1,2
57815.9835075,2,1
58160.33051,2,G
57640.6661391,2,G
57723.5742447,2,G
57615.6059075,2,G
57600.6099443,2,1
57781.5897251,2,G
28650.2230083,G,9
28725.4496215,G,9
28497.3450616,G,9
28111.3677663,G,9
28282.4570818,G,9
28568.7401835,G,9
28598.0863531,G,9
28684.3448421,G,9
28560.9188296,G,9
28709.2870157,1,9
28588.4663693,G,9
28710.5191887,1,9
28242.4171423,1,9
28186.0777262,G,9
28583.5817048,G,9
28663.904321,1,9
28556.9088506,1,9
28534.6901328,1,9
28513.330869,G,9
28634.3680987,1,9
28516.9830079,1,9
28616.7829873,1,9
28726.7548193,1,9
28696.3030206,G,9
28405.476387,G,9
28465.4134062,1,9
28398.8388695,G,9
28380.5146103,G,9
28707.4734946,1,9
28699.983056,G,9
28719.1197046,G,9
28698.6917373,1,9
28258.1395955,G,9
28468.9972908,G,9
28741.8249921,G,9
28549.4703456,1,9
28604.2970222,G,9
28750.9117609,1,9
28699.5746914,1,9
28368.8677311,G,9
28674.4470863,1,9
28773.2926345,1,9
28650.69987,1,9
28255.5867083,G,9
28596.9789482,1,9
28569.9403171,G,9
28361.4470671,1,9
28552.749254,1,9
27944.0417205,1,9
28304.2635609,G,9
28676.3183185,G,9
28581.0356802,G,9
28523.1835397,G,9
28620.3083285,G,9
28556.7774491,G,9
28758.433827,G,9
28600.4632009,G,9
28587.673889,1,9
28652.4475973,G,9
28654.9320847,1,9
28447.5657531,G,9
28792.1722671,1,9
28650.7417862,G,9
35421.0488161,9,G
35463.0368185,9,G
35462.5861616,9,G
35619.1906402,9,G
35434.1982235,9,1
35403.1037209,9,1
35706.1606959,9,G
35427.3086056,9,1
35463.0801356,9,G
35400.8352219,9,G
35400.0060029,9,1
35409.3477393,9,1
35416.571649,9,G
35445.6522002,9,G
35401.7308433,9,G
35404.3224525,9,1
35424.0643008,9,1
35404.0651317,9,1
35447.0585549,9,G
35404.1034813,9,G
35433.6026828,9,G
35698.7444919,9,1
35489.4086125,9,G
35400.7819759,9,G
35405.5483202,9,G
35527.0315739,9,1
35465.7638169,9,G
35406.234717,9,1
35450.2462158,9,G
35452.4188545,9,1
35402.9742228,9,1
35403.7111949,9,G
35430.2406126,9,1
35424.0075101,9,G
35421.3464537,9,1
35406.0527571,9,1
35419.6084358,9,G
35437.9288699,9,1
35400.9914229,9,G
35479.2257743,9,G
35414.4129273,9,1
35455.7290978,9,G
35409.6559723,9,1
35529.246342,9,G
35502.0132878,9,1
35504.7970792,9,G
35407.7609105,9,1
35407.0768599,9,1
35401.7762392,9,G
35414.0844771,9,G
35400.051143,9,1
35674.8312912,9,1
35485.1335999,9,G
35437.1539875,9,G
35411.6055282,9,G
35569.0791472,9,G
35421.6059151,9,1
35434.4589086,9,G
35401.5823398,9,G
35400.999644,9,1
35451.6903243,9,G
35449.604284,9,G
35449.3724888,9,1
28491.5101579,1,9
28690.5230872,G,9
28540.2682326,G,9
28633.224876,G,9
28721.9474608,1,9
28615.5615888,G,9
28769.5146305,1,9
27999.2571011,G,9
28673.0871254,1,9
28671.8214451,1,9
28717.1592079,1,9
28447.385904,G,9
28512.4155996,G,9
28663.1075281,1,9
28709.66159,1,9
28551.7989262,1,9
28778.7231775,G,9
28747.554477,G,9
28545.6803529,1,9
28520.4975069,G,9
28634.7421607,G,9
28608.4305418,1,9
28710.4412094,G,9
28728.3094044,1,9
28665.6102095,G,9
28346.0603953,1,9
28398.2642665,G,9
28627.5543881,1,9
28516.5148528,G,9
28635.9366949,1,9
28623.7715198,G,9
28560.9619597,1,9
28629.7635068,G,9
28711.9519837,G,9
28747.9484698,G,9
28402.1955871,G,9
28719.1467262,1,9
28465.1122304,G,9
28382.0760152,G,9
28686.7644011,1,9
28493.754924,1,9
28595.6340896,G,9
28595.7960462,G,9
28627.5410383,G,9
28532.8534014,1,9
28252.4192573,1,9
28619.8867999,1,9
28592.77377,G,9
28756.5010325,G,9
28651.7967745,G,9
28573.443073,1,9
28584.8992097,G,9
28625.5899144,1,9
28523.1203265,G,9
28759.3169819,G,9
28513.0868054,1,9
28762.669714,G,9
28535.895645,G,9
28331.8093509,1,9
28757.9086112,G,9
28457.120204,G,9
28523.2126766,G,9
28496.2271628,1,9
35402.4110117,9,G
35422.4350477,9,G
35451.5283374,9,G
35406.2127842,9,1
35451.6215484,9,1
35551.9851713,9,1
35432.0405681,9,G
35509.0990392,9,1
35425.9858079,9,G
35437.9383052,9,G
35431.6033707,9,G
35447.9258432,9,G
35624.8894257,9,G
35403.7741584,9,1
35450.6882209,9,G
35464.4448708,9,G
35427.3640334,9,G
35408.4426243,9,1
35406.5106881,9,1
35559.1750828,9,G
35410.7655319,9,1
35430.4402757,9,G
35400.308563,9,1
35573.7202753,9,G
35401.5468646,9,1
35400.2182202,9,1
35481.1322382,9,G
35484.1738988,9,G
35484.557119,9,G
35566.1724649,9,G
35402.9103176,9,G
35411.6318195,9,G
35426.4808116,9,1
35418.8731067,9,1
35412.814021,9,G
35405.6674373,9,1
35513.8827125,9,G
35416.4050711,9,1
35570.8959287,9,G
35496.0990818,9,G
35405.1146779,9,G
35705.243868,9,G
35403.5455311,9,1
35440.900092,9,G
35426.6905672,9,1
35409.2269976,9,G
35417.3801905,9,G
35511.4752326,9,1
35500.179218,9,G
35513.4229315,9,G
35464.0330718,9,1
35466.6551788,9,1
35414.2374214,9,1
35400.2685835,9,G
35402.1918651,9,G
35527.3000138,9,G
35464.3392277,9,1
35464.1176876,9,G
35568.0921807,9,1
35415.0601981,9,G
35498.1185762,9,1
35680.4098209,9,1
35519.0016374,9,G
28581.7918976,G,3
28655.8381513,1,3
28730.6937129,G,3
28707.2494179,G,3
28400.958241,1,3
28379.8227871,1,3
28726.24043,1,3
28139.4424161,G,3
28688.9196779,1,3
28763.0031043,G,3
28636.152406,G,3
28245.2286491,1,3
28756.0272592,1,3
28782.4624213,G,3
28660.7084532,1,3
28667.6263884,G,3
28432.6739109,1,3
28779.2274704,G,3
28556.5194005,G,3
28513.2391467,1,3
28775.0961857,G,3
28656.4372643,G,3
28061.2095837,G,3
28514.4087057,1,3
28717.9032342,1,3
28492.9744205,G,3
28580.0917424,1,3
28608.9019541,G,3
28649.7542569,1,3
28657.5198286,1,3
28641.0555788,1,3
28515.2042736,G,3
28629.4819353,1,3
28652.7901255,G,3
28701.038252,G,3
28418.5036839,1,3
28674.7398287,G,3
28413.1493878,G,3
28321.2566777,1,3
28704.6122487,G,3
28675.6645183,G,3
28731.4214404,G,3
28734.4100602,1,3
28670.5559176,1,3
28234.0970628,G,3
28523.2930401,1,3
28532.4476942,1,3
28352.7005047,G,3
28592.50952,G,3
28754.5046542,1,3
28489.0774136,1,3
28527.7679938,1,3
28579.9842407,G,3
28237.157048,G,3
28567.9221141,G,3
28555.7840011,G,3
28216.4998514,G,3
28608.9351909,G,3
27958.7038809,1,3
28210.2599733,G,3
28478.5414267,G,3
35436.731745,3,G
35424.8006092,3,G
35464.9454204,3,G
35413.4789008,3,G
35494.6784784,3,G
35457.5252549,3,G
35455.5006311,3,1
35400.0296415,3,1
35428.2168893,3,G
35422.9669952,3,G
35431.6506263,3,1
35514.3269257,3,1
35401.0857329,3,1
35548.3721627,3,G
35459.6167088,3,G
35497.4989751,3,G
35453.8699862,3,G
35419.2851937,3,G
35408.1790992,3,1
35529.2901969,3,G
35418.9593238,3,1
35411.5945829,3,G
35477.364411,3,G
35402.5304643,3,G
35406.9717585,3,1
35605.7632079,3,1
35410.4294472,3,1
35446.9002328,3,1
35433.043139,3,G
35420.7545505,3,G
35400.2314593,3,G
35426.3379276,3,G
35404.2897762,3,1
35425.7659176,3,G
35469.5055319,3,1
35492.1717304,3,G
35404.2676894,3,G
35412.2095989,3,G
35411.0637301,3,1
35416.194778,3,1
35401.9600438,3,G
35754.9226248,3,G
35499.6977938,3,G
35524.1580349,3,1
35401.1521006,3,G
35496.0097059,3,G
35418.6882866,3,1
35480.7975713,3,G
35448.1881414,3,G
35416.6349536,3,1
35406.9950148,3,G
35405.0963605,3,1
35421.9060995,3,G
35454.1750848,3,G
35614.7114352,3,G
35418.2350337,3,G
35488.5947866,3,1
35441.2373663,3,G
35423.3493475,3,G
35401.2471163,3,G
35403.4677977,3,G
49830.9235602,G,9
50244.9288631,1,9
49946.1166973,G,9
50082.1344698,1,9
49722.734621,1,9
50297.0742444,1,9
50277.8370533,G,9
49811.1479036,G,9
50321.4505379,G,9
50000.0180965,1,9
50303.6011543,1,9
50308.2518193,G,9
50268.8180429,G,9
50283.725553,G,9
50086.9486179,G,9
50171.2196109,1,9
50260.6457425,G,9
50112.3435637,1,9
50132.894066,G,9
50249.0114825,1,9
50282.2907631,1,9
50348.7481635,1,9
50036.6162035,1,9
50233.4831516,G,9
50053.0363094,G,9
50090.8686087,G,9
50010.1621372,G,9
50308.7960877,1,9
50210.3348766,G,9
49993.0596294,G,9
50275.5890414,G,9
50243.8457649,G,9
50300.1257883,G,9
50150.0355169,G,9
50280.7325505,1,9
50307.7006953,1,9
50148.9905044,1,9
50303.4676787,G,9
50322.0548586,G,9
50264.4093884,G,9
50363.232996,1,9
50327.7487928,G,9
49563.0688377,G,9
50218.7560687,1,9
49958.2837792,G,9
50250.1814203,1,9
50328.2816481,1,9
50166.5194152,G,9
50288.5308769,1,9
50321.8300852,G,9
50124.044858,1,9
50289.9030302,G,9
50291.2049213,1,9
50322.2840752,G,9
50251.1205217,1,9
50334.8872751,1,9
50360.6908625,1,9
50019.4136794,G,9
50181.2589562,G,9
50334.4571224,G,9
50382.3593386,1,9
50210.8366598,G,9
50221.1971266,G,9
50044.9662906,1,9
50091.1816139,G,9
53407.5569204,9,G
53403.1176997,9,G
53579.7914347,9,1
53401.1352076,9,G
53433.0828207,9,G
53524.5401649,9,G
53418.3935611,9,G
53466.1845037,9,G
53405.9684467,9,G
53489.83685,9,G
53422.3169995,9,G
53400.6873917,9,G
53403.8824681,9,G
53412.9581295,9,1
53514.8394939,9,G
53449.4861414,9,1
53401.9357975,9,G
53400.84087,9,G
53784.909434,9,1
53424.6479611,9,G
53681.6434985,9,G
53448.6658257,9,G
53665.6529957,9,G
53433.3544086,9,G
53403.6634403,9,G
53403.1007312,9,G
53446.5271426,9,1
53402.8543835,9,1
53430.9054761,9,G
53419.956499,9,G
53400.6541667,9,G
53478.395662,9,G
53469.8515716,9,G
53549.0994238,9,1
53400.4804681,9,G
53944.84818,9,G
53419.8903795,9,G
53586.2227033,9,G
53449.3951218,9,G
53448.2450005,9,G
53448.2565499,9,1
53412.5521143,9,G
53422.0879157,9,G
53408.4687732,9,1
53400.3937826,9,G
53401.1139453,9,1
53452.6208813,9,1
53489.630717,9,G
53669.2906547,9,G
53422.679066,9,1
53498.1559348,9,G
53431.5197221,9,G
53664.7214387,9,1
53426.2151781,9,G
53410.046036,9,G
53400.1938997,9,1
53622.5243043,9,1
53496.5114332,9,G
53435.002169,9,1
53402.3094975,9,G
53475.7217959,9,1
53404.66507,9,1
53464.8057703,9,1
53410.9389567,9,1
53500.9273109,9,G
49567.0543708,G,9
50254.6408793,G,9
50246.3841294,G,9
50110.8622768,G,9
50039.6590937,1,9
50291.2928617,G,9
50387.860012,G,9
50237.8600675,1,9
50365.8939336,G,9
49914.3775782,1,9
50132.6912231,G,9
50087.191947,1,9
50373.4553114,G,9
50348.9488095,1,9
50338.4001615,G,9
50294.4777112,G,9
50315.5749086,1,9
50307.9108821,1,9
50122.6225516,G,9
50028.4196323,G,9
50102.6607711,G,9
50312.751358,G,9
50298.3919979,1,9
50189.0648754,1,9
49813.6882868,G,9
49869.0520614,G,9
49987.9708376,1,9
50327.0224089,G,9
50084.3217596,G,9
50383.914486,G,9
49902.1928223,1,9
50328.0704944,G,9
50206.2650196,G,9
49477.5713635,1,9
50174.8914787,1,9
50347.0924467,G,9
50275.6220063,G,9
50225.2029052,1,9
50256.8131149,1,9
50315.7236431,G,9
50384.832958,G,9
50350.8659989,G,9
50281.4334828,G,9
50041.1049621,G,9
49917.418553,1,9
50288.3820343,1,9
50342.7274723,G,9
50044.9546232,G,9
49618.0805418,G,9
50109.116252,1,9
50277.1562807,1,9
50249.3702453,1,9
49639.6405208,1,9
50251.2004174,1,9
50106.6938051,G,9
50379.3015661,G,9
50361.4498183,G,9
50323.6239867,1,9
50378.6767731,G,9
50304.1246888,G,9
50267.4793011,1,9
50363.4543044,1,9
50251.466485,1,9
50204.8366644,G,9
50333.4487694,1,9
53424.4043042,9,G
53418.5528899,9,G
53541.8691402,9,G
53420.6670039,9,G
53496.7543981,9,G
53437.6947173,9,G
53487.7966201,9,1
53450.8361748,9,G
53400.0099621,9,G
53409.2612965,9,1
53586.9930129,9,G
53460.9305027,9,1
53404.0494237,9,G
53400.8730794,9,G
53413.8529635,9,G
53582.2677868,9,G
53596.2600599,9,G
53437.8118623,9,G
53452.2059643,9,1
53563.4591734,9,G
53549.8832569,9,G
53492.0577809,9,G
53643.7927736,9,1
53523.247333,9,1
53511.9155106,9,G
53441.820377,9,1
53413.2345014,9,G
53400.2495548,9,G
53400.088757,9,G
53428.2399545,9,G
53526.1458702,9,G
53452.9645562,9,G
53563.480294,9,G
53400.7514085,9,G
53474.5242128,9,G
53414.6514499,9,G
53418.4452567,9,G
53404.3468378,9,G
53470.2778862,9,1
53454.0460207,9,G
53400.3571083,9,G
53636.3014049,9,G
53429.6680131,9,G
53478.1391192,9,G
53404.6461777,9,G
54017.8454083,9,1
53400.3051501,9,G
53407.4331014,9,G
53460.5971741,9,1
53413.4344331,9,G
53448.4809057,9,G
53407.7518875,9,G
53411.3095415,9,G
53405.3543053,9,G
53449.2885048,9,G
53412.0875638,9,G
53425.3139233,9,G
53409.6292903,9,1
53430.6930682,9,G
53402.5576783,9,1
53401.1166157,9,G
53421.1762854,9,G
53416.8793303,9,1
53491.1566562,9,1
53406.4415959,9,G
53904.5135073,1,9
53879.7464686,G,9
53857.7812372,1,9
53732.6819232,G,9
53960.3514339,1,9
53835.2707331,G,9
53887.2620688,1,9
53890.1231933,G,9
53912.8144282,1,9
53784.1841743,G,9
53789.8277434,1,9
53866.9211371,G,9
53869.784231,G,9
53800.5522688,1,9
53845.3168077,1,9
53977.9349776,1,9
53895.2545046,G,9
53698.8930056,1,9
53207.4472346,G,9
53952.0744555,G,9
53862.7927184,1,9
53752.9080052,1,9
53679.5410138,G,9
53601.2547035,G,9
53856.2395185,1,9
53700.1160612,1,9
53622.193684,1,9
53949.6951191,G,9
53214.0847628,G,9
53973.3721481,G,9
53827.1753293,G,9
53964.4574469,1,9
53828.8029965,1,9
53652.7223809,G,9
53965.9867185,G,9
53986.1112899,G,9
53921.651767,G,9
53826.1400217,G,9
53891.8886303,1,9
53805.3039719,1,9
53932.6351012,G,9
53960.2559112,G,9
53696.1227815,G,9
53877.5964464,1,9
53929.5312631,1,9
53758.2185407,G,9
53730.7046008,1,9
53552.401801,G,9
53682.2308908,G,9
53496.060722,1,9
53364.3416063,G,9
53871.0267504,1,9
53683.791346,1,9
53843.4061151,1,9
53853.3347171,G,9
53875.2163774,G,9
53732.0854377,1,9
57185.0282606,9,1
57034.9722896,9,1
57031.3846929,9,1
57061.0117846,9,G
57009.5558765,9,G
57268.6866425,9,G
57044.179861,9,G
57170.2205022,9,G
57038.9262295,9,1
57012.6704277,9,1
57087.9987317,9,G
57007.5471076,9,G
57000.0389231,9,G
57217.5203275,9,G
57106.7738108,9,G
57003.2493887,9,G
57052.0083136,9,1
57153.3969583,9,G
57029.9731356,9,G
57099.7964447,9,G
57014.2568163,9,G
57082.4078477,9,G
57000.0244598,9,G
57054.465959,9,G
57023.1685483,9,1
57006.9770568,9,G
57044.6658994,9,G
57003.3042988,9,1
57000.672935,9,G
57002.8259991,9,G
57217.4726725,9,1
57175.1720651,9,G
57086.7255775,9,G
57243.8939988,9,G
57137.2212145,9,G
57100.6391155,9,1
57003.0627543,9,G
57008.1045072,9,1
57016.2545064,9,G
57001.1140426,9,G
57040.4658531,9,G
57022.6989719,9,G
57044.3049614,9,G
57037.6009723,9,G
57001.7509747,9,G
57409.5828489,9,G
57141.7696935,9,1
57020.0316897,9,G
57006.4005473,9,G
57145.5854958,9,G
57008.2658258,9,1
57018.234255,9,G
57044.1422373,9,1
57012.5543165,9,G
57000.294325,9,G
57078.67371,9,G
57005.8657569,9,G
35691.6711865,G,9
35673.7261411,G,9
35915.9522955,1,9
35833.5614683,1,9
35924.2628458,1,9
35607.7198562,1,9
35754.9412918,G,9
35754.9714998,1,9
35788.4268839,1,9
35506.8046996,G,9
35886.7732738,1,9
35896.5706765,1,9
35566.3578244,1,9
35845.1144555,G,9
35725.5289087,G,9
35621.5426061,G,9
35939.0068057,1,9
35902.9492641,1,9
35555.474453,G,9
35883.1933917,1,9
35413.5294649,G,9
35598.0137538,1,9
35793.5499743,G,9
35936.9223406,G,9
35841.4695914,G,9
35862.1956231,G,9
35586.5383257,1,9
35703.4152861,1,9
35875.737714,G,9
35877.741722,G,9
35865.1525669,1,9
35632.4661366,G,9
35807.7723773,1,9
35552.1492431,G,9
35745.2522271,G,9
35901.4825983,G,9
35610.5073554,1,9
35476.1948964,1,9
35849.4800172,G,9
35924.6810297,1,9
35873.3126956,1,9
35803.2376601,G,9
35604.4668694,1,9
35764.3701638,1,9
35859.5775913,G,9
35852.648193,G,9
35779.4426841,1,9
35791.6233059,G,9
35742.3943643,1,9
35833.6471351,1,9
35719.2508706,1,9
35519.956181,1,9
35857.097818,G,9
35692.2142878,1,9
35781.6435866,G,9
35951.6427504,1,9
34847.5877692,1,9
35448.3166591,G,9
42628.488728,9,1
42619.6630307,9,G
42606.5455443,9,G
42731.9612128,9,G
42600.5461239,9,G
42600.3386349,9,1
42649.4893787,9,1
42787.5071092,9,G
42615.1193821,9,1
42767.3871142,9,G
42644.0281271,9,G
42601.4727619,9,G
42653.9387349,9,G
42705.2783097,9,G
42628.5399382,9,G
42736.4131376,9,1
42613.7727754,9,G
42632.7302443,9,G
42644.465615,9,1
42615.1897805,9,G
42644.4379448,9,1
42664.6848673,9,1
42612.4427479,9,G
42643.314143,9,1
42601.6274367,9,1
42628.8321613,9,G
42877.0810213,9,G
42605.5296651,9,1
42617.585325,9,1
42686.4148994,9,G
42748.2224773,9,G
42619.3859322,9,1
42642.8945658,9,G
42630.0044944,9,G
42637.7102626,9,G
42637.0148779,9,1
42655.6396066,9,G
42667.8039711,9,1
42601.4988292,9,G
42623.5550457,9,G
42743.3171542,9,G
42601.0130205,9,G
42889.2205674,9,1
42703.0609497,9,G
42600.0646401,9,G
42831.5385279,9,1
42613.2628859,9,G
42609.8291489,9,G
42618.4522179,9,G
42679.2682583,9,G
42602.82772,9,1
42689.5654065,9,G
42743.0369413,9,G
42686.6011222,9,G
42640.6184714,9,G
42632.6872974,9,G
42615.7176047,9,G
42602.3702892,9,G
35656.3320571,G,9
35706.8605083,G,9
35664.6364403,1,9
35838.4959581,G,9
35982.8043593,1,9
35528.2922619,G,9
35736.9157282,1,9
35762.4276214,G,9
35689.3115705,G,9
35442.165597,1,9
35983.5196667,G,9
35800.4216803,G,9
35708.5543383,G,9
35991.6646602,1,9
35837.0273809,G,9
35804.8287053,G,9
35814.0696605,G,9
35823.5323658,1,9
35846.803303,1,9
35817.6359986,G,9
35829.543983,G,9
35922.801699,1,9
35918.3383763,1,9
35714.5993497,1,9
35669.4226274,G,9
35602.4997514,G,9
35962.2311301,G,9
35919.5064444,G,9
35851.8062235,G,9
35479.9599487,G,9
35937.2097758,1,9
35557.8292557,G,9
35963.7062418,G,9
35950.0748142,1,9
35977.1878031,G,9
35924.0436861,G,9
35349.7450889,G,9
35858.7233843,G,9
35932.4505964,G,9
35726.2523976,1,9
35754.4278577,G,9
35960.0651227,1,9
35899.3621753,G,9
35917.4008464,1,9
35646.4416737,1,9
35636.7829234,1,9
35954.9358178,G,9
35809.6343905,G,9
35809.4942195,G,9
35813.5794802,G,9
35842.4211089,G,9
35611.9665222,1,9
35641.3338925,1,9
35359.0926649,G,9
35887.842755,G,9
35728.6277626,G,9
35422.4885988,G,9
35967.2739969,1,9
42602.4181656,9,1
42603.4274062,9,G
42624.2782892,9,G
42705.0224093,9,G
42674.6937135,9,G
42600.3365936,9,1
42820.1643303,9,G
42607.976216,9,G
42600.0004108,9,1
42628.7931282,9,1
42612.6629637,9,1
42627.2362429,9,G
42636.131556,9,G
42614.4417358,9,1
42631.0273433,9,G
42650.1230888,9,G
42607.1617476,9,1
42600.2786418,9,G
42602.6211832,9,1
42608.7689061,9,G
42600.1770904,9,G
42602.5783645,9,G
42601.8923163,9,G
42647.9875614,9,1
42605.9459331,9,G
42763.7588683,9,G
42614.7391405,9,G
42611.6326884,9,G
42619.1672058,9,G
42706.1068258,9,1
42631.2606219,9,1
42600.5009788,9,1
42607.0886843,9,G
42662.224267,9,G
42632.6519987,9,G
42629.055663,9,G
42600.6482572,9,G
42601.3763161,9,1
42614.2281447,9,1
42695.3505202,9,G
42623.2680221,9,1
42623.2499444,9,G
42618.9034312,9,1
42608.1676183,9,G
42686.3218166,9,G
42600.9361003,9,G
42616.2412196,9,G
42694.5575456,9,1
42616.1151694,9,1
42600.7227422,9,1
42641.7109688,9,G
42612.9953983,9,1
42736.2388773,9,1
42601.1069374,9,G
42689.2349961,9,G
42619.0802977,9,G
42654.0532662,9,1
42698.1126261,9,1
35879.6051545,G,3
35532.6807314,G,3
35657.0813153,G,3
35720.7851154,G,3
35850.189481,1,3
35863.651661,1,3
35900.2822331,G,3
35946.27363,1,3
35887.3162985,G,3
35887.8124629,G,3
35610.2501814,1,3
35808.8936507,1,3
35547.4089776,1,3
35828.6617317,G,3
35789.9062297,G,3
35833.8907419,G,3
35753.945233,G,3
35726.7339786,1,3
35660.970496,G,3
35981.5626198,1,3
35624.242999,G,3
35625.4606558,G,3
35821.5684379,G,3
35940.3967502,G,3
35969.6094965,G,3
35507.3801948,1,3
35606.42058,1,3
35366.4748948,G,3
35786.261031,G,3
35777.9847002,G,3
35959.6938546,G,3
35662.3621638,G,3
35643.0863919,G,3
35704.9809272,1,3
35551.3745929,1,3
35746.8981099,G,3
35162.3904,G,3
35664.9492417,G,3
35508.6276206,1,3
35902.106714,1,3
35797.2665973,1,3
35754.510644,1,3
35805.3940569,1,3
35872.732827,1,3
35862.6929039,1,3
35828.4265425,1,3
35921.2212363,G,3
35090.4329202,1,3
35654.0250516,G,3
35651.9956026,G,3
35955.5388722,1,3
35708.6293484,G,3
35896.6444747,G,3
35684.8466427,1,3
35857.8918673,1,3
35912.5638715,G,3
35918.3100792,1,3
35538.7395979,G,3
42605.6688384,3,1
42604.5981111,3,1
42807.8274912,3,G
42666.581474,3,G
42624.1109904,3,1
42609.9803447,3,G
42617.9121747,3,1
42603.3954573,3,G
42604.0361838,3,G
42620.2483909,3,G
42674.4936167,3,1
42634.3826535,3,G
42666.2192927,3,G
42601.2653514,3,1
42612.5441873,3,G
42600.5999387,3,G
42621.6533964,3,G
42651.9310259,3,1
42600.9691265,3,G
42609.9430409,3,1
42617.6256754,3,1
42650.8909963,3,G
42702.1264581,3,G
42648.9310304,3,G
42679.2957274,3,G
42600.7923274,3,G
42600.4054496,3,G
42695.8830966,3,G
42628.3937247,3,G
42605.4765095,3,G
42609.0441352,3,1
42748.7555474,3,1
42600.6065873,3,G
42611.8578937,3,G
42665.8687406,3,G
42600.0003136,3,1
42795.0238841,3,G
42645.8279657,3,G
42600.4035385,3,1
42624.5957656,3,1
42600.125326,3,G
42618.4516912,3,1
42600.9787335,3,G
42600.0025589,3,1
42610.0254406,3,G
42603.8838504,3,G
42711.9339072,3,1
42659.4036559,3,G
42607.7912231,3,G
42702.8969656,3,1
42934.2674279,3,1
42616.3005714,3,G
42602.0027797,3,G
42607.1269054,3,1
42634.1240246,3,G
42600.4668082,3,1
42602.4607556,3,G
42747.0343974,3,G
43043.4125451,G,3
42923.1603314,1,3
42888.0472389,G,3
42815.8155055,G,3
42913.3945653,1,3
43162.2065517,1,3
42993.489013,G,3
42663.9618794,1,3
42959.3936761,G,3
42862.2178701,1,3
43079.8724643,1,3
43034.6466841,G,3
42834.6058428,G,3
42962.331769,1,3
43130.8959177,G,3
43078.0711439,G,3
43163.5598123,1,3
43143.6600309,1,3
42957.8518799,1,3
43029.2614323,1,3
43052.1463355,G,3
42747.4371014,G,3
43169.4002541,1,3
42981.552386,1,3
42844.7122247,1,3
43176.6625814,G,3
43109.1526837,1,3
42948.7200239,G,3
42942.0218981,G,3
43050.6537516,G,3
42729.9933362,G,3
43141.7720516,1,3
43004.9377093,1,3
42483.4101344,G,3
43018.6702569,G,3
43090.9940265,1,3
42969.0518054,G,3
43133.7789968,1,3
42793.7035234,G,3
42605.3392939,G,3
42730.5962329,G,3
42696.8576632,1,3
43082.603895,G,3
43018.2357245,G,3
42936.1338691,1,3
43049.277564,G,3
42927.2256052,G,3
42804.3295527,G,3
43170.6081978,G,3
42890.7582364,G,3
43144.1595906,G,3
43188.3460831,G,3
43049.1219696,1,3
43026.396811,1,3
43051.4183679,G,3
43119.0243347,G,3
43028.9290545,1,3
42978.166558,G,3
43151.0904259,1,3
43034.2789471,1,3
43021.954676,G,3
43054.2750094,G,3
43075.9183992,G,3
43128.1965604,1,3
43013.9930177,G,3
42911.1915991,G,3
42623.3497585,G,3
42821.528454,1,3
43027.5143881,G,3
43075.2108716,G,3
43023.3281214,1,3
42960.1021163,G,3
42890.7783549,1,3
42999.1257416,G,3
43065.7585881,G,3
43015.4823062,G,3
49810.3627161,3,G
49842.9499812,3,G
49801.3229092,3,1
49800.1104659,3,1
49805.9298246,3,1
49833.1234713,3,G
49816.7995782,3,G
49814.5814793,3,1
49800.7856924,3,1
49849.2351823,3,1
49815.9055583,3,1
49800.2603071,3,G
49806.1668854,3,1
49880.126725,3,G
49856.2665265,3,1
49823.5629599,3,1
49800.2139518,3,G
49804.46597,3,G
49850.0998476,3,1
49841.0147622,3,G
49800.9637629,3,1
49824.2663322,3,G
49840.8376799,3,1
50068.2964669,3,G
49925.9591605,3,G
49844.5860055,3,1
49801.4690497,3,G
49864.0746953,3,1
49822.832453,3,G
49805.9481637,3,G
49802.67022,3,1
49862.523823,3,G
49801.2324825,3,1
49861.3496608,3,G
49827.1994202,3,G
49903.6426339,3,G
49866.0589738,3,G
50025.120495,3,G
49815.8084766,3,G
49858.2526081,3,1
49800.0661333,3,G
49809.1730797,3,G
49883.5223296,3,1
49825.3961577,3,1
49801.7750336,3,1
49801.4576838,3,1
50274.9091994,3,G
49800.2892568,3,1
49829.8416427,3,1
49803.0524957,3,1
49850.6342112,3,G
49837.9780412,3,1
49800.0760109,3,1
49979.0767106,3,G
49820.1437428,3,G
49802.2884268,3,1
49800.4245544,3,1
49855.5524408,3,G
49842.0565571,3,G
49873.1446502,3,1
49800.9696693,3,G
49806.1693244,3,1
49830.4581939,3,1
49800.0095312,3,G
49817.1632986,3,1
49911.6264393,3,G
50169.3211701,3,G
49809.9494973,3,G
49832.6727549,3,G
49801.6970968,3,1
49817.6821452,3,G
49821.4601695,3,1
49820.7234817,3,G
50121.1750787,3,G
49873.9172097,3,1
49814.9453169,3,1
42944.6074004,1,9
43015.7086334,G,9
43167.3297533,G,9
42823.4306638,G,9
43003.2039591,G,9
42914.4987795,1,9
42915.6898023,1,9
43079.5824632,G,9
43070.4819262,G,9
43028.2101107,G,9
42523.1495354,G,9
43080.2906354,G,9
43155.3366712,G,9
43108.8176375,G,9
43139.9152281,G,9
43111.891324,G,9
42761.5475029,G,9
42675.4662104,1,9
42987.3961982,G,9
42393.4347502,G,9
42937.9181189,1,9
42868.8343963,1,9
42466.5564298,1,9
42892.2462653,1,9
42934.447078,G,9
43154.0503217,G,9
42971.0148425,1,9
43050.3730679,G,9
42985.006591,1,9
43072.8874498,G,9
42995.6983494,1,9
43171.816886,G,9
43093.038728,G,9
43076.791752,G,9
43020.2091335,G,9
43019.528852,G,9
42993.0784024,1,9
43131.8922401,G,9
43054.171429,1,9
43166.5615016,G,9
42895.7423206,1,9
43077.0897381,G,9
43051.1514742,G,9
43140.3009098,G,9
42551.4666354,1,9
42964.1394665,G,9
42995.2705051,G,9
42432.4320183,G,9
43150.7091902,G,9
42839.6132446,1,9
42920.7708425,G,9
42581.7801532,G,9
43152.4548383,1,9
42776.1091883,1,9
43084.4071997,G,9
42922.035182,G,9
43135.0464964,1,9
42930.0006263,1,9
49851.05624,9,G
49817.3827031,9,G
50197.1378722,9,1
49900.8507239,9,G
49804.1950899,9,1
49805.934565,9,1
49829.6567261,9,1
49827.4197298,9,G
49840.2992701,9,1
49803.564309,9,1
49848.8732485,9,G
49800.2773381,9,G
49827.2940975,9,G
49894.9987076,9,1
49832.1168359,9,G
49861.2041382,9,G
49805.6316758,9,G
49802.6854023,9,1
50037.8103295,9,G
49848.6416091,9,G
50023.8885737,9,G
49810.0981191,9,1
49942.7412797,9,G
49803.1321379,9,1
50151.8851264,9,G
50093.6380279,9,1
49929.7063525,9,1
49804.6957854,9,1
49825.0299347,9,1
49924.7119558,9,G
49848.5761846,9,G
49806.2609603,9,1
49800.6205756,9,G
49800.0237384,9,1
49841.1895316,9,G
49822.4885316,9,G
49978.1051623,9,1
49881.9655853,9,1
49865.1860494,9,G
49837.996787,9,G
49962.2612619,9,G
49913.592689,9,G
49838.8190715,9,G
49810.9673496,9,1
49800.0850871,9,G
49849.4299224,9,G
49800.8164282,9,G
49801.6847409,9,G
49823.0470736,9,G
49982.3215886,9,1
49879.9761878,9,1
49969.5625511,9,G
49830.3652,9,G
49850.2873524,9,G
49865.6029237,9,G
49828.7482167,9,G
49847.3048693,9,1
49867.1787956,9,G
43056.3589208,G,9
43035.0829893,G,9
42667.0190008,G,9
42892.8706774,1,9
42865.4126771,G,9
43177.3392516,G,9
42947.5719593,1,9
43179.6565543,G,9
42903.0138095,G,9
42870.9944907,G,9
42916.2684752,1,9
43125.293078,1,9
42955.0802198,1,9
43068.1053708,G,9
42828.8059028,G,9
42960.2341944,G,9
42876.1475434,G,9
42882.3110548,G,9
42674.5753021,G,9
42930.1500949,G,9
43119.1062642,G,9
42879.4703735,1,9
42918.7746384,G,9
42903.7361151,G,9
43150.8734329,1,9
42926.1326581,G,9
42962.989767,G,9
43171.3481677,1,9
42793.7468327,1,9
42567.3456704,1,9
43012.3173308,G,9
42974.9520531,G,9
42725.5139956,G,9
43068.9500335,1,9
43142.8801192,1,9
43006.4706768,G,9
42872.0400029,1,9
43033.4061823,G,9
42896.3711748,G,9
42640.1273377,1,9
42445.6466703,1,9
43104.3256124,G,9
42625.1098446,G,9
43175.4570969,G,9
43062.0777463,1,9
43004.3292341,1,9
42737.734274,1,9
43131.5541928,G,9
42829.5269143,G,9
43109.732956,G,9
42341.152182,1,9
43152.5486779,1,9
42952.1863679,G,9
43018.1729396,1,9
42919.8274557,G,9
43175.7373365,G,9
42789.7371248,G,9
42929.4776362,1,9
49864.058319,9,1
49802.5683602,9,1
49836.8246498,9,G
49803.3528435,9,G
49814.0285442,9,G
50023.1084981,9,1
49863.1457685,9,1
49815.7751292,9,G
49812.9259804,9,G
49835.5923266,9,1
49842.6622956,9,G
50189.6128883,9,G
49820.5563504,9,G
49803.5833153,9,G
49811.3155581,9,G
49800.5112992,9,1
50053.173345,9,1
49820.7877044,9,1
49892.1226773,9,G
49922.2343823,9,1
49836.5578662,9,1
49808.6051695,9,1
49802.0834293,9,G
49800.0054774,9,1
49802.223932,9,1
50080.9968389,9,1
49918.7632485,9,1
49837.5216782,9,G
49800.0198521,9,1
49883.5905813,9,G
49816.0004284,9,1
49875.5907078,9,G
49898.3023351,9,1
50102.7038279,9,1
49922.9659001,9,1
49881.5454024,9,G
49891.6424415,9,G
49821.1801967,9,1
49831.98625,9,G
49985.3566696,9,G
49879.8619569,9,1
49869.8275361,9,G
49802.3657546,9,G
49917.9898274,9,G
49801.6412063,9,1
49809.933142,9,G
49813.1328611,9,G
49834.8958967,9,G
49806.4988283,9,G
49862.4757221,9,G
49891.4736801,9,G
49801.3923432,9,G
49822.8823853,9,G
49870.8486269,9,1
50093.3511015,9,1
49813.3220998,9,G
49943.320055,9,1
49806.9750169,9,G
43083.9188209,1,3
42982.145238,G,3
43034.8585506,G,3
42706.9987576,G,3
42953.5382594,G,3
43027.8696302,1,3
43041.1974716,G,3
42779.711257,G,3
42956.8688482,1,3
42864.4044415,G,3
43108.1933282,G,3
43176.6446291,G,3
42786.5379299,G,3
42874.9328035,G,3
42969.0148686,G,3
42918.7899649,G,3
42568.6645567,1,3
42998.2924828,1,3
42205.4680498,G,3
43024.7414075,G,3
42860.6015323,G,3
43049.4998915,G,3
42885.715422,G,3
42849.1567419,G,3
43000.6138283,1,3
42903.637843,1,3
43127.4810402,G,3
42758.7302358,G,3
42834.3713852,G,3
43079.9254236,G,3
43155.7748905,G,3
42654.4548095,1,3
42960.8515175,1,3
43119.9861157,G,3
43030.1357233,1,3
43100.3390276,1,3
42834.231364,1,3
43090.6646715,G,3
42869.0180349,G,3
43003.7183696,1,3
42738.8383087,G,3
42997.7724688,G,3
42883.7971388,1,3
43175.5014563,1,3
43024.5192445,G,3
43038.055782,1,3
42631.1643751,G,3
43114.1893674,1,3
43162.2590278,G,3
42815.79313,G,3
53504.8589832,3,G
53403.8283747,3,1
53408.3427435,3,G
53454.2572903,3,1
53432.5116447,3,G
53408.3176312,3,1
53405.021805,3,G
53400.7540566,3,G
53407.5195317,3,G
53406.1596539,3,1
53438.1892084,3,G
53408.999614,3,G
53447.2549797,3,1
53485.389947,3,G
53434.0867781,3,G
53401.2439318,3,G
53419.8373341,3,G
53411.0757791,3,G
53400.6119274,3,1
53464.6495065,3,G
53507.0443577,3,1
53552.1821317,3,G
53421.6251831,3,G
53402.6713675,3,1
53405.0491457,3,G
53402.0446571,3,1
53421.4718658,3,G
53447.7303303,3,G
53661.9902737,3,G
53428.4814157,3,1
53645.4694568,3,1
53414.7962463,3,G
53479.1673097,3,1
53578.8326074,3,G
53516.6580976,3,1
53406.250306,3,G
53402.634157,3,G
53610.664107,3,1
53401.8030697,3,1
53402.6545162,3,1
53406.8386644,3,G
53476.6922069,3,G
53470.539715,3,G
53401.8292643,3,1
53438.5392482,3,G
53449.7959337,3,G
53403.648309,3,G
53416.5120564,3,1
53400.2650167,3,G
53438.0539036,3,1
53805.8897236,1,3
53682.2397417,G,3
53797.6480759,G,3
53855.100829,G,3
53871.2779702,G,3
53808.6899618,1,3
53885.1400305,G,3
53635.5530019,G,3
53835.0601228,1,3
53591.5540309,G,3
53430.9689126,1,3
53937.6152633,G,3
53850.1795496,G,3
53524.8887392,1,3
53629.2978888,G,3
53860.4056567,G,3
53816.3720689,1,3
53836.2987761,1,3
53692.0365436,G,3
53539.3763829,G,3
53869.0814376,1,3
53905.9410088,1,3
53699.9848598,G,3
53754.6199839,G,3
53169.5205302,1,3
53625.1545707,G,3
53804.7815806,1,3
53825.765658,G,3
53453.6378594,1,3
53306.1609046,G,3
53640.3660511,G,3
53817.1826344,1,3
53916.6162405,1,3
53634.3865755,G,3
53890.2733062,1,3
53845.5190016,G,3
53656.4199061,G,3
53673.5326655,G,3
53802.8625247,G,3
60951.5512597,3,G
60903.3360155,3,1
60900.0014845,3,G
60940.5453406,3,1
60943.0707901,3,G
61008.6430854,3,1
60904.0373009,3,G
60918.8745652,3,1
61085.5885918,3,1
60900.5899973,3,G
60914.4240366,3,1
61026.0389212,3,G
60914.8086061,3,G
60986.1771132,3,G
60919.3880645,3,G
60900.3270782,3,G
61035.9365851,3,G
60900.7327433,3,1
60902.5781351,3,G
61054.3692228,3,G
60901.4508668,3,G
61177.6430171,3,G
60959.1640849,3,1
60903.2510266,3,G
60902.7134076,3,G
60957.8730373,3,G
60938.1146263,3,G
60911.4286536,3,G
61002.4448313,3,1
60953.2170778,3,1
60914.2830696,3,G
60900.4003022,3,G
61023.9718898,3,G
60901.2553644,3,G
60931.0037361,3,1
60900.0241267,3,G
61034.3728643,3,G
61284.3087545,3,1
60907.8143175,3,G
42735.804134,G,2
43023.3759544,G,2
42852.0021537,1,2
43145.6795347,G,2
43122.367607,G,2
43101.7038161,G,2
42773.002898,G,2
43068.0762639,G,2
52279.3192846,2,1
52223.5955938,2,G
52215.3084682,2,G
52201.3248561,2,1
52203.4055639,2,G
52298.6105183,2,1
52271.3828356,2,G
52390.802326,2,1
39380.7704753,G,2
39446.0461804,1,2
38651.1584157,G,2
39239.94792,G,2
39412.8401967,1,2
39375.7217626,G,2
39509.3364554,1,2
39556.5825206,G,2
39439.1383478,G,2
39145.6426706,G,2
39546.9044369,1,2
39176.4680433,1,2
39439.0965615,G,2
39152.6929866,G,2
39436.9655597,1,2
39167.0210878,1,2
39361.5524012,G,2
39330.6586251,G,2
39417.1539915,G,2
39243.2413318,G,2
39452.418294,1,2
39493.7305573,1,2
39381.2695936,1,2
39334.4034488,1,2
39078.8662071,G,2
39575.6712396,G,2
39284.1002327,G,2
39456.119359,G,2
39511.2750056,G,2
39184.6358329,G,2
39485.2545552,1,2
39509.3770338,1,2
38848.6452315,1,2
39485.8652892,1,2
39369.7859556,G,2
39359.3885575,G,2
39414.2531991,1,2
39482.6478628,G,2
39177.0372464,G,2
39325.8241314,G,2
39390.0223486,1,2
39491.0855805,1,2
39489.5283048,1,2
39332.4158996,G,2
39145.0218208,G,2
39325.1120121,1,2
39461.4601055,G,2
39403.1177727,G,2
39562.1082042,1,2
39413.8302811,G,2
39359.2509334,1,2
39418.8029457,G,2
39247.1187285,G,2
39482.2863812,1,2
39280.4576848,1,2
39265.6933891,G,2
39565.5128416,G,2
42609.1231991,2,G
42653.7125325,2,G
42653.5171563,2,G
42709.7698642,2,G
42600.3619439,2,G
42621.3287585,2,1
42694.7527973,2,G
42601.4316789,2,G
42602.6509734,2,G
42606.4268901,2,G
42600.5645844,2,G
42605.2402179,2,G
43005.2888255,2,G
42644.0438784,2,G
42674.6335201,2,1
42708.5197344,2,G
42614.7299887,2,G
42820.4290519,2,G
42623.3346244,2,G
42657.9622827,2,1
42608.3214488,2,1
42607.8642166,2,G
42601.390657,2,1
42619.3026526,2,G
42722.9100436,2,G
42617.1242956,2,1
42708.1570966,2,G
42657.440395,2,G
42631.0617314,2,1
42610.2236777,2,G
42613.0790476,2,G
42619.7701941,2,G
42601.2728139,2,1
42617.2362583,2,G
42722.360929,2,G
42691.2298089,2,G
42748.8119823,2,G
42696.9788145,2,1
42681.7731913,2,G
42740.4439184,2,1
42613.0341125,2,1
42662.3358875,2,G
42600.3976371,2,G
42757.4420846,2,1
42601.1117375,2,G
42604.0961034,2,1
42603.6492498,2,1
42631.8765397,2,1
42604.095421,2,G
42621.1434379,2,G
42606.1063209,2,1
42697.5058771,2,1
42611.0739052,2,G
42645.2321485,2,G
42600.4872886,2,G
42613.6890484,2,G
42637.9976932,2,1
53785.0135402,1,12
53576.0004592,G,12
53947.2661895,G,12
53770.6946291,1,12
53536.7084391,G,12
53799.6277175,G,12
53843.6177774,1,12
53303.3836629,G,12
53828.6419318,G,12
53707.1396938,1,12
53861.0861802,G,12
53904.6418312,G,12
53802.1270922,G,12
53842.91687,G,12
53622.4311224,G,12
53709.7963396,G,12
53896.7429008,1,12
53656.183379,G,12
53632.304892,1,12
53789.006111,1,12
53746.1694471,1,12
53879.1150981,G,12
53990.5399909,G,12
53894.0060224,1,12
53976.2537789,G,12
53887.7587614,G,12
60676.2964753,12,G
60623.5231363,12,G
60601.3660532,12,1
60618.0240189,12,1
60611.6085555,12,1
60873.9977568,12,1
60638.846713,12,1
60609.8775444,12,G
60742.2872181,12,1
60643.6115825,12,1
60614.4412364,12,G
60619.6876375,12,G
60743.0151842,12,G
60600.2011062,12,1
60602.0945414,12,G
60602.3153221,12,1
60723.88876,12,G
60600.2120279,12,G
60677.9862887,12,1
60601.3416188,12,1
60702.8014519,12,G
60601.2974284,12,G
60630.0422411,12,1
60622.6301339,12,G
60600.077099,12,G
60801.3906709,12,G
53863.051198,1,12
53852.225599,1,12
53533.841488,1,12
53779.6362994,G,12
53823.2225747,G,12
53784.9242114,1,12
53839.6286246,1,12
53642.5576825,G,12
53880.3097797,1,12
53897.2486215,1,12
53951.4060494,G,12
53938.512714,G,12
53940.4673635,G,12
53567.2121336,1,12
53726.2626067,1,12
53500.8486064,G,12
53969.6959323,G,12
53803.8088538,1,12
53514.3433502,G,12
53834.4311715,1,12
53818.2079783,G,12
53851.4431012,G,12
53972.8456593,G,12
53801.0043685,G,12
53904.4180913,1,12
53837.8015294,G,12
60611.3845254,12,G
60617.2165622,12,G
60600.5692489,12,1
60663.4996458,12,G
60600.4382489,12,1
60631.3704762,12,G
60621.6062986,12,1
60618.0539651,12,G
60664.6562512,12,G
60613.4661221,12,G
60601.3679783,12,G
61016.4936525,12,G
60617.2983406,12,1
60713.5127755,12,G
60722.2811598,12,G
60600.538444,12,G
60602.7400581,12,G
60615.0022842,12,G
60761.993303,12,G
60600.1944913,12,1
60709.814086,12,G
60658.3873016,12,G
60707.6219372,12,1
60662.4679349,12,1
60714.2867532,12,1
60706.4894674,12,G
43133.2406518,1,2
42952.0137165,1,2
43155.8271877,1,2
43189.2924371,1,2
43128.2131511,G,2
42949.4560059,1,2
42947.4213808,1,2
42927.8962706,1,2
43058.8864709,G,2
43090.7628323,1,2
42770.2357015,G,2
43014.205256,G,2
43180.2736007,1,2
42862.0021053,G,2
42939.1936023,G,2
43054.7762049,G,2
43016.5541114,G,2
43186.9977577,1,2
43050.7870497,G,2
43044.2834222,G,2
42934.3182524,1,2
42347.8144702,1,2
43027.6840489,1,2
43171.0665727,G,2
42621.0822485,1,2
43056.6082276,1,2
43148.3849618,G,2
42883.2580292,1,2
43109.9706071,G,2
43098.1900408,G,2
42706.8683927,1,2
42960.4209791,1,2
42966.4694454,G,2
43073.5679445,G,2
43049.5544949,1,2
43141.1074762,G,2
43001.9771314,1,2
42933.39712,1,2
43039.186044,G,2
42768.9719092,1,2
43180.2384225,1,2
42853.9835398,G,2
43043.9865851,G,2
42968.9539178,G,2
42863.6981782,G,2
43067.638183,G,2
42884.8051625,1,2
42821.4638909,G,2
43146.9178982,G,2
42854.8182772,1,2
43015.6287235,G,2
43130.6861171,1,2
46203.0702148,2,1
46237.4774847,2,G
46370.4480186,2,1
46246.8214867,2,G
46270.350133,2,G
46200.0524746,2,G
46201.1475327,2,G
46208.072804,2,G
46205.5880145,2,G
46331.4703328,2,G
46246.1241549,2,G
46431.9664048,2,1
46251.6045252,2,1
46338.3846764,2,G
46200.9092033,2,G
46305.4159076,2,G
46200.2735474,2,G
46200.0263135,2,G
46353.7486022,2,G
46241.3606962,2,1
46293.7309031,2,G
46205.4748566,2,1
46278.5119295,2,1
46293.4094095,2,G
46207.283393,2,G
46256.500857,2,G
46240.9598874,2,1
46200.7292248,2,G
46206.2240875,2,G
46203.9575279,2,G
46368.8426519,2,G
46243.2838781,2,1
46235.9177097,2,1
46264.4088525,2,G
46308.0621373,2,1
46219.1911876,2,1
46226.5523871,2,G
46346.6935097,2,G
46258.6300409,2,1
46202.5973669,2,G
46419.8008311,2,G
46249.9524017,2,1
46202.1320399,2,G
46305.0158552,2,G
46315.0920774,2,1
46222.1841167,2,G
46200.218616,2,1
46219.0926476,2,G
46425.1432856,2,G
46236.3263403,2,1
46328.9120524,2,G
46209.2809831,2,1
53708.2977386,G,12
53856.1818486,G,12
53164.9942264,1,12
53910.2505034,G,12
53884.3269222,G,12
60600.2258154,12,G
61024.6090023,12,G
60609.2889511,12,1
60606.9980052,12,G
60678.9964115,12,1
53791.8364425,1,12
53710.1953182,1,12
53706.0679172,1,12
53820.8132575,1,12
53628.391743,G,12
60642.1414086,12,1
60953.1061867,12,G
60745.0052938,12,G
60646.5097074,12,1
60663.1422314,12,1
42972.4708041,G,12
42701.8577228,1,12
50106.1298668,12,1
50126.2127913,12,1
42987.5752983,G,12
43079.4729391,G,12
42715.548303,1,12
43166.1053737,G,12
42696.5476572,G,12
42787.8741538,G,12
42962.0856646,G,12
42835.6507672,G,12
42649.1523027,G,12
50141.8004352,12,1
50182.8208312,12,G
50105.6043,12,G
50446.1836475,12,1
50158.2852797,12,1
50251.467168,12,1
50100.2588539,12,G
50395.4266118,12,1
50150.8959218,12,1
53557.3822934,G,3
53853.9663132,1,3
53771.8370251,1,3
53634.782146,G,3
53797.5905152,G,3
53944.2053947,G,3
53958.8319729,G,3
53954.3463963,1,3
53870.0966208,G,3
53607.408683,1,3
53690.5293986,G,3
53772.4037078,G,3
53872.6259119,1,3
53654.5664847,G,3
53827.1022879,G,3
53660.1228967,G,3
53866.2933227,G,3
53767.6221965,G,3
53744.1256908,G,3
53761.3454871,G,3
53874.8385463,1,3
53914.0371768,G,3
53946.5787906,G,3
53604.8908739,1,3
53874.0575689,G,3
53982.1912877,1,3
53803.0758065,1,3
53915.9665307,G,3
53744.5677034,G,3
53819.5985846,G,3
53962.4967299,1,3
53788.9911102,G,3
53902.553891,G,3
53713.0724592,G,3
53576.0245454,G,3
53865.1554322,G,3
53601.041025,G,3
53701.1027639,G,3
53842.238415,G,3
53775.228745,G,3
53674.1777875,1,3
53803.1383196,1,3
53643.3428201,G,3
53793.6214285,G,3
53704.5152441,G,3
53864.2749571,G,3
53757.3748895,1,3
53768.2727242,G,3
53690.4682176,1,3
53611.3486247,1,3
53429.0448709,G,3
53790.2113891,G,3
53812.2670145,G,3
53611.0343696,G,3
53739.9848653,1,3
53572.1412658,G,3
53811.0100627,G,3
53967.3668861,G,3
53874.3271235,1,3
53871.7570519,1,3
53904.4913183,1,3
53741.717875,G,3
53394.5080439,G,3
53792.3517333,1,3
53836.9191734,G,3
53928.5017942,G,3
53763.4897347,1,3
53632.8306933,G,3
53809.8450102,G,3
53633.4568101,1,3
53582.2492826,1,3
57002.82065,3,1
57207.9627953,3,G
57139.52691,3,1
57110.6856747,3,1
57048.5314132,3,1
57038.3071632,3,G
57022.5971033,3,1
57010.3313929,3,G
57000.966963,3,G
57024.1604387,3,G
57167.4181252,3,G
57062.3294178,3,1
57034.4508343,3,1
57378.0472964,3,G
57105.6380285,3,G
57018.2906585,3,G
57001.6005216,3,1
57013.3208926,3,G
57044.8698005,3,G
57009.5872736,3,G
57166.8021062,3,G
57000.1200582,3,G
57422.9123151,3,1
57102.1291011,3,G
57037.7905549,3,G
57000.0020047,3,G
57001.4789373,3,1
57134.2126364,3,G
57082.9962964,3,G
57042.5814161,3,1
57005.6487723,3,G
57112.2628592,3,G
57001.5416967,3,G
57036.4475395,3,G
57078.570639,3,1
57039.8852443,3,1
57026.1628654,3,1
57079.4445503,3,G
57282.9590538,3,1
57019.8114005,3,G
57262.5338198,3,1
57012.7672855,3,1
57038.1426237,3,G
57043.0066841,3,G
57236.5083169,3,1
57000.5257236,3,G
57024.0533408,3,1
57057.9892437,3,1
57038.4422194,3,G
57152.9147539,3,G
57014.3926862,3,1
57052.2125049,3,1
57028.8784441,3,G
57015.5858939,3,1
57001.8063081,3,1
57099.8299728,3,G
57000.014692,3,1
57440.7164405,3,G
57000.5728253,3,1
57034.1855272,3,G
57004.4066583,3,G
57001.1933313,3,G
57008.6185901,3,1
57002.5055049,3,G
57055.4345475,3,G
57016.0873241,3,G
57002.098192,3,1
57017.296518,3,1
57049.3413797,3,G
57000.3702738,3,1
57058.6342789,3,1
46529.5521992,1,3
46483.169636,1,3
46682.3925754,1,3
46545.675629,G,3
46682.9909995,G,3
46772.0776907,1,3
46261.0830685,G,3
46562.9817205,G,3
46502.0459544,1,3
46435.5380782,G,3
46603.5634338,1,3
46572.7244244,1,3
46628.7296658,G,3
46626.5590251,G,3
46759.4924137,1,3
46748.0654477,1,3
46430.5179029,1,3
46650.0552783,1,3
46463.7871458,1,3
46762.0204891,G,3
46641.2367026,1,3
46616.113191,G,3
46434.0077236,G,3
46703.0149277,G,3
46716.4014549,G,3
46519.3313945,1,3
46695.0496215,1,3
46620.8641289,G,3
46659.8211858,1,3
46332.7029903,1,3
46708.4841004,1,3
46715.8544845,1,3
46391.904413,G,3
46456.1497581,G,3
46714.950749,1,3
46574.5640198,G,3
46530.2674927,1,3
46578.1041894,G,3
46658.278137,G,3
46495.9433759,1,3
46705.5304316,G,3
46697.0337426,G,3
46299.9538878,G,3
46473.6123415,G,3
46464.1061065,1,3
46720.2073329,G,3
46455.671012,1,3
46692.526303,G,3
46559.7897789,G,3
46781.9615621,G,3
46442.0594607,1,3
46644.912704,G,3
46330.8147982,G,3
46615.0536812,G,3
46423.133569,1,3
46230.0832369,G,3
46678.0566781,G,3
46426.9737202,G,3
46439.0335889,G,3
45737.6891869,1,3
46630.5794655,1,3
46675.4995436,1,3
46627.495127,G,3
46310.1560569,1,3
46747.888019,G,3
49809.2924674,3,G
49815.0719616,3,1
49827.4060766,3,G
49830.4839024,3,1
49804.5485626,3,G
50089.8886473,3,G
49808.1518146,3,G
50061.8591178,3,G
49815.1368457,3,1
49817.5286877,3,1
49810.9908575,3,G
50027.685624,3,G
49879.2832011,3,1
49818.4748084,3,G
49878.4950021,3,G
49935.4422481,3,1
49872.8997173,3,G
49827.0952868,3,G
49856.3759166,3,1
49853.4837123,3,1
49859.3693995,3,1
49999.1149669,3,1
49803.7030306,3,G
49800.7967418,3,G
49803.2784043,3,G
50576.2713571,3,G
49842.8620657,3,G
49812.1040319,3,1
49821.3350156,3,G
49836.0709994,3,1
49813.4663523,3,G
49876.7114467,3,1
49821.3726804,3,1
49830.5358913,3,1
49906.3305534,3,1
49800.8298102,3,1
49885.0487089,3,1
49924.3843006,3,1
49886.6188046,3,1
50008.2776275,3,1
49820.607325,3,G
49815.1263561,3,1
49928.3186273,3,G
49809.5404252,3,1
49807.2226827,3,G
49804.2178185,3,G
49885.0258687,3,G
49875.380235,3,1
49901.7500444,3,G
49806.8097265,3,G
49828.432667,3,G
49807.1557037,3,G
49920.2820342,3,1
49811.3984379,3,1
49946.5741425,3,G
49828.6841712,3,G
49804.7056737,3,G
49800.120726,3,1
49800.0650023,3,G
49934.03338,3,G
49844.5765749,3,G
49972.0213317,3,1
49800.0852343,3,G
49854.8104564,3,G
49835.6436876,3,G
53879.1655072,G,10
53850.2677635,1,10
53806.7099017,G,10
53845.3026653,G,10
53658.096168,G,10
53935.7718136,G,10
53806.1516282,G,10
53862.9765577,G,10
53665.4319503,G,10
53925.5653822,G,10
53942.9777387,1,10
53802.8543803,G,10
53846.4381249,G,10
53796.4217353,G,10
53763.4071229,G,10
53903.0243248,G,10
53356.8389859,1,10
61051.0577596,10,G
60670.3738195,10,1
60606.3235544,10,G
60612.7883488,10,1
60605.6874911,10,G
60607.727802,10,1
60603.8479763,10,G
60609.0603689,10,G
60733.89727,10,1
60649.937741,10,G
60614.1369679,10,1
60633.0439511,10,G
60827.4129031,10,G
60612.0740181,10,G
60920.3837341,10,G
60603.0463889,10,1
60650.3472985,10,G
32291.8372423,G,10
32375.6726244,1,10
32351.4207866,1,10
32110.9982964,G,10
32090.8994989,1,10
32212.4683735,G,10
31664.3078085,G,10
32310.3700783,G,10
32311.6567391,1,10
32134.2799531,G,10
31853.1056333,1,10
31694.5592116,1,10
32154.9487662,1,10
32284.2974898,G,10
32320.5082779,1,10
32315.411481,G,10
32267.5269952,G,10
32384.9833837,G,10
31853.1478759,G,10
32288.5213804,1,10
31898.2628111,G,10
32152.254157,1,10
32321.776055,G,10
32188.9778605,G,10
32226.2826112,G,10
32217.4425607,G,10
32313.0589694,1,10
32183.4844365,G,10
32204.7089484,G,10
32181.6521667,G,10
32162.4317277,G,10
32247.298565,G,10
32231.3097361,1,10
32337.1127253,G,10
32178.1685872,G,10
32315.9787666,G,10
32336.0884662,1,10
32079.8750077,1,10
32128.7075591,1,10
32376.8974316,G,10
42919.7618339,10,G
42903.7162202,10,1
42913.1200098,10,1
42900.8007406,10,1
42908.6588501,10,G
42973.9825831,10,G
42944.7315763,10,G
43089.3160557,10,1
42915.8486095,10,G
42971.1831717,10,G
42907.6595106,10,G
42920.0902304,10,G
42901.8001304,10,1
43095.2198532,10,G
42966.5643554,10,G
42918.3878493,10,G
42900.2772139,10,G
42973.0839002,10,1
42919.6181896,10,G
42947.8241111,10,G
42900.202936,10,G
43017.9441262,10,G
42943.3005939,10,G
42902.5712217,10,G
42907.1794379,10,G
43132.3415972,10,1
42955.3694578,10,G
42929.1515956,10,1
43060.0555964,10,G
42900.3243014,10,G
42918.9647374,10,G
42906.3106099,10,G
42919.4970523,10,1
42900.7763066,10,G
43053.6121254,10,G
42912.1679136,10,G
42947.8797341,10,G
43023.2059766,10,1
42909.9298716,10,1
42997.6630077,10,1
46303.7345168,1,10
46698.7548714,G,10
46759.225799,G,10
46611.7750576,G,10
46601.0216815,1,10
46446.4055936,G,10
46665.5717255,G,10
46715.5290971,1,10
46469.8403297,G,10
46666.8016658,1,10
46577.7543187,G,10
46436.106226,1,10
45991.7294702,G,10
46634.5423755,1,10
46674.9220443,1,10
46517.2148739,1,10
46731.8737776,G,10
46409.6943671,1,10
46420.9237792,1,10
46672.3088089,1,10
46642.6053339,G,10
46255.3910478,G,10
46655.0217562,1,10
46466.9624933,1,10
46388.2730964,1,10
46687.0743265,1,10
46654.1145772,G,10
46597.7489866,G,10
46649.9256851,G,10
46664.3491011,G,10
46379.0137547,G,10
46664.6100256,G,10
46615.7264572,G,10
46642.3649491,1,10
46655.4590402,G,10
46696.2633089,1,10
46688.7021026,G,10
46477.3930496,G,10
46753.7400064,1,10
53760.2422657,10,1
53700.6431409,10,G
53726.2557643,10,G
54249.1110948,10,G
53722.534531,10,G
53700.0699268,10,G
53719.4179704,10,G
53746.5473021,10,1
53713.2198766,10,G
53714.0622213,10,1
53714.199052,10,G
53744.5037912,10,G
53700.0498983,10,1
53789.0418239,10,G
53700.0312294,10,G
53701.3070462,10,G
53708.4072977,10,G
53709.4588703,10,1
53729.3185939,10,1
53711.4473098,10,1
53708.81387,10,G
53748.7183462,10,1
53746.1374704,10,G
53764.7901799,10,G
53719.4398322,10,1
53704.439784,10,1
53766.5233957,10,G
53768.6272254,10,1
53750.7131252,10,G
53720.6173508,10,1
53704.2911086,10,G
53725.5977246,10,1
53753.8471517,10,1
53997.6844214,10,G
53827.3474191,10,1
53972.7014357,10,1
53777.9917338,10,G
53709.626892,10,G
53712.19287,10,1
53727.9536973,G,10
53871.9019852,1,10
53482.6281624,G,10
53945.0962185,G,10
53583.1138765,G,10
53779.9758205,1,10
53439.3635569,G,10
53947.5648004,G,10
53872.4699004,G,10
53667.1110956,1,10
53883.458365,G,10
53938.5341181,G,10
53561.8643237,G,10
53817.4128944,G,10
53957.920277,G,10
53925.315394,G,10
53227.8954696,G,10
53940.8262217,G,10
53642.8782167,1,10
53916.7350755,1,10
53435.5896092,G,10
53783.3043521,G,10
53870.7822455,1,10
53593.3352363,G,10
53926.6601829,G,10
53641.6491364,G,10
53809.5053613,G,10
57092.4368274,10,1
57017.9351785,10,G
57118.5327575,10,G
57009.2119271,10,G
57056.1762252,10,1
57007.7627696,10,G
57000.3152732,10,G
57016.5850735,10,G
57047.5489634,10,G
57044.6932817,10,G
57000.0714343,10,1
57069.6764597,10,1
57036.689708,10,1
57002.9790908,10,1
57057.4464201,10,G
57000.8563605,10,G
57101.5082659,10,G
57006.0503327,10,G
57020.410092,10,G
57139.9343049,10,G
57005.8313185,10,1
57379.8324607,10,1
57000.0011637,10,G
57075.0578415,10,1
57234.4334977,10,G
57009.3870675,10,G
57153.6523429,10,G
32260.0799505,G,2
32329.4957165,1,2
32165.3635182,1,2
32107.5172859,1,2
31776.8288273,1,2
32095.311044,G,2
32156.5709143,1,2
32231.8619518,G,2
32011.2116028,1,2
31265.8232993,G,2
32267.3449176,G,2
31833.857791,1,2
32260.3971179,1,2
32072.7687303,G,2
31649.5827961,G,2
32123.6059085,1,2
31929.1782922,1,2
32301.6655907,1,2
32315.9964562,G,2
32302.6439627,G,2
32330.7346768,G,2
32326.4086627,G,2
31724.7923491,G,2
32290.7897802,1,2
32221.2826319,G,2
32359.7868956,1,2
31831.0568689,G,2
31910.9364415,G,2
32179.0734197,1,2
32162.2952349,1,2
32336.9610165,G,2
32138.5815718,1,2
32136.3784018,G,2
32159.0533528,G,2
32179.9395842,G,2
32392.2440113,G,2
32210.5271247,1,2
32145.6710314,G,2
32312.8488112,G,2
32177.2966021,G,2
31853.3215848,G,2
31700.6677178,1,2
32169.1800685,G,2
32303.5357458,G,2
35573.8682537,2,G
35400.5806647,2,G
35422.1639864,2,G
35511.7706149,2,1
35464.5450002,2,1
35414.1806472,2,G
35453.7346639,2,G
35416.2400446,2,G
35408.4590669,2,G
35400.6612804,2,G
35488.2579847,2,G
35439.7180429,2,G
35401.4796077,2,G
35563.2682323,2,1
35418.0331521,2,1
35434.0831064,2,1
35401.0954448,2,1
35426.4640464,2,G
35583.2395932,2,1
35402.5110822,2,1
35400.1145803,2,G
35400.1245581,2,1
35400.5692404,2,1
35401.7828547,2,1
35490.5198993,2,G
35575.5211164,2,G
35405.6431131,2,G
35421.2017238,2,G
35405.4811662,2,G
35410.8435087,2,1
35400.8835071,2,G
35407.1055127,2,G
35411.0250786,2,1
35407.0853819,2,G
35415.4880191,2,G
35450.1919453,2,1
35448.6895984,2,1
35404.7092907,2,G
35400.1788011,2,G
35626.9470915,2,G
35469.2150253,2,1
35400.0434802,2,1
35478.2524184,2,1
35418.5656713,2,1
35780.4193297,G,2
35892.7982025,1,2
35595.0022321,G,2
35703.5812903,1,2
35824.3086382,1,2
35693.4425295,G,2
35635.6221056,G,2
35939.6978695,1,2
35902.8495492,G,2
35929.8935909,G,2
35771.5117464,G,2
35840.7137547,G,2
35770.0745987,1,2
35391.348903,1,2
35843.7279795,G,2
35931.2677683,G,2
35694.3017989,G,2
35747.3538633,1,2
35657.9431424,G,2
35862.4382225,G,2
35735.2382521,G,2
35742.5170628,1,2
35878.0174745,G,2
35797.8928797,G,2
35896.7287843,1,2
35726.2616366,G,2
35003.5253302,1,2
35812.4099722,1,2
35841.5172743,1,2
35860.692944,G,2
35835.5554584,G,2
35603.9890879,G,2
35665.34308,G,2
35537.0574933,1,2
35389.7030689,G,2
35936.4511504,G,2
35719.7054842,G,2
35781.1596696,1,2
35851.3328432,1,2
35517.2716175,1,2
35833.2040752,G,2
35719.3775046,G,2
35965.9431534,G,2
35583.1709265,G,2
35764.9890798,1,2
35668.8920081,1,2
35743.2212441,G,2
35922.8814885,G,2
35714.6034359,G,2
35779.6045242,G,2
35740.9189446,G,2
35727.776268,G,2
35724.1193667,G,2
35879.2549756,G,2
35825.1244498,G,2
35728.4314766,G,2
35752.5411196,G,2
35672.4983727,G,2
39002.0178824,2,G
39002.2328224,2,G
39033.3736643,2,G
39004.4535144,2,1
39052.1450011,2,G
39061.9068726,2,G
39000.0375542,2,G
39263.9955031,2,G
39048.3617537,2,G
39068.9102857,2,1
39000.0465738,2,G
39021.6669029,2,G
39009.3998369,2,G
39002.6408089,2,G
39102.6492944,2,G
39140.5160878,2,1
39320.8090228,2,G
39044.818627,2,1
39074.1252298,2,G
39093.7246982,2,G
39105.3871249,2,1
39062.4822124,2,1
39006.5275776,2,G
39065.0357985,2,1
39144.4087489,2,1
39009.2654773,2,G
39012.5767382,2,1
39003.4537669,2,G
39003.7062591,2,G
39030.7093705,2,G
39002.5961538,2,G
39308.5068145,2,G
39001.1366737,2,G
39001.6176817,2,G
39013.377865,2,G
39007.8222191,2,1
39147.4024342,2,G
39000.0187596,2,1
39003.4971572,2,G
39146.1457535,2,G
39020.0922464,2,G
39124.3986903,2,1
39012.9238546,2,G
39014.2116679,2,1
39061.1720336,2,1
39000.7517431,2,1
39058.3554327,2,1
39071.7662446,2,G
39206.4457192,2,G
39001.2692851,2,G
39027.5419393,2,G
39006.9897114,2,G
39012.7767799,2,G
39087.2201175,2,G
39026.1634152,2,1
39008.9847997,2,G
39220.1558362,2,G
39006.4850172,2,1
50109.913413,1,10
50143.5840929,G,10
50084.6509741,1,10
50258.452312,G,10
50095.6181118,G,10
50197.2468301,1,10
50033.9633384,1,10
50231.4758399,1,10
50246.3070065,G,10
50163.8957401,G,10
50177.0871283,1,10
50054.1314904,G,10
50306.327146,G,10
50230.4059563,1,10
49879.2532132,G,10
50254.4308492,G,10
50265.5774464,G,10
50327.3693333,G,10
50159.3787451,G,10
50024.6242088,G,10
50351.9075058,G,10
50334.5378788,1,10
50055.0984681,1,10
50139.2458854,G,10
50381.5140803,1,10
50263.245428,1,10
50125.5007118,G,10
49463.7318806,1,10
50226.5356932,G,10
50228.1764136,G,10
53413.1200371,10,G
53400.1697671,10,1
53552.2511371,10,1
53546.8955206,10,G
53427.9216235,10,1
53410.6615499,10,G
53416.4516102,10,1
53400.0008163,10,1
53489.4988197,10,G
53515.8397346,10,1
53464.9735037,10,G
53400.6336232,10,G
53652.1873017,10,1
53405.6106519,10,G
53414.574673,10,G
53400.0618848,10,G
53405.1105446,10,1
53414.160979,10,1
53401.8685854,10,G
53401.161993,10,1
53416.1551265,10,1
53400.8391042,10,G
53401.0018189,10,1
53743.340617,10,G
53414.8333209,10,G
53400.2665366,10,G
53408.4169796,10,1
53415.8162355,10,1
53494.5815953,10,G
53401.015234,10,1
35890.1143929,G,10
35925.0179914,G,10
35938.249074,1,10
35850.102466,G,10
35793.4773466,1,10
35848.8687074,1,10
35953.2030866,1,10
35668.588398,G,10
35932.1910276,G,10
35890.3915292,G,10
35842.7761471,G,10
35893.4213012,1,10
35620.1720178,G,10
35846.2996161,1,10
35952.5725644,G,10
35743.6079352,G,10
35784.3515117,1,10
35919.9269517,G,10
35842.5347436,G,10
35815.5179951,G,10
35845.4441601,G,10
35409.8820207,1,10
35601.7538213,G,10
35833.9810253,1,10
35911.1184853,1,10
35709.4541029,G,10
35293.9871874,1,10
35918.3850803,G,10
35939.4082977,G,10
35907.2201485,1,10
39074.0844078,10,1
39130.024456,10,G
39004.7221589,10,G
39046.0654347,10,1
39055.8893606,10,1
39022.3891218,10,G
39001.1140035,10,1
39008.400204,10,G
39056.1511839,10,1
39000.2796665,10,1
39029.4992669,10,G
39017.5146999,10,G
39202.4237065,10,G
39008.9890973,10,G
39002.6213584,10,G
39091.2705704,10,G
39006.3175065,10,G
39087.2427716,10,G
39143.944631,10,1
39048.4827559,10,G
39026.8680818,10,G
39131.1660474,10,1
39020.6635936,10,1
39030.5175316,10,G
39017.7224432,10,G
39039.4841411,10,G
39040.7184543,10,1
39306.3483822,10,G
39007.0497022,10,G
39059.4262018,10,G
39463.1676921,1,10
39505.2686793,1,10
39173.7937352,1,10
39527.3612322,1,10
39424.6229979,G,10
39378.7896032,G,10
39060.9236052,1,10
39523.4738081,1,10
39274.4222418,1,10
39436.7186613,G,10
39415.9542583,G,10
39503.3448089,G,10
39443.9102357,G,10
39587.6329547,1,10
39362.466719,G,10
39071.9649249,G,10
39335.5179528,G,10
39402.2616631,1,10
39125.0800459,1,10
39257.4984845,1,10
39522.1868519,1,10
39042.78103,1,10
39504.7867195,1,10
39479.6234272,1,10
42645.1012164,10,G
42733.1028986,10,G
42742.9738426,10,G
42604.7132066,10,G
42601.0904358,10,G
42695.2735384,10,1
42667.3610135,10,1
42616.999028,10,G
42606.9269316,10,G
42620.5515271,10,1
42607.4006547,10,G
42600.2781034,10,1
42628.7629528,10,G
42648.4868826,10,G
42633.82531,10,G
42618.3442044,10,G
42909.3239022,10,G
42600.5793512,10,1
42623.4710292,10,G
42657.8144272,10,G
42607.2226791,10,1
42622.9338986,10,G
42629.3214023,10,G
42612.1697944,10,G
43110.2586798,1,10
43036.423655,G,10
42910.064001,G,10
42696.2091703,G,10
43118.770858,1,10
43171.3834369,G,10
43173.8437166,G,10
43011.3655062,G,10
46230.3128255,10,G
46204.560682,10,G
46228.7358085,10,G
46276.5935648,10,G
46201.5577058,10,G
46333.1931782,10,G
46212.2645265,10,1
46209.5492947,10,G
39533.4823415,1,3
39429.2061305,G,3
39564.6829981,G,3
39429.5169334,G,3
39443.5295996,G,3
38993.990854,G,3
39392.9716563,G,3
39300.5148385,G,3
39326.3618702,1,3
39492.7798458,G,3
38948.151606,1,3
39149.5505725,G,3
39375.460124,1,3
39398.0726436,1,3
39462.0773139,G,3
39382.0407863,1,3
39151.1012356,1,3
39458.5830382,1,3
39216.5944507,1,3
39373.0016296,1,3
39176.2405882,G,3
39430.8707744,G,3
39471.9200426,G,3
39293.8677193,G,3
39401.4782723,G,3
39393.0759144,G,3
39297.6955997,G,3
39576.8707829,G,3
39350.6026261,1,3
39315.3180278,G,3
39397.2488107,G,3
39440.8413054,1,3
39434.0909766,G,3
39544.8245396,1,3
39316.6827649,1,3
38837.4486799,1,3
39396.3046054,1,3
39016.4536841,G,3
39284.2554083,G,3
39548.0893628,G,3
39504.8591584,G,3
39493.75385,1,3
39291.1011124,1,3
39431.8185555,G,3
39462.6968185,1,3
39478.5650968,1,3
39471.5226185,G,3
39550.0065937,G,3
39213.7608463,G,3
39298.0939324,1,3
39357.2320534,G,3
38909.2213368,G,3
39118.1424801,G,3
39497.3583735,1,3
39515.1330669,1,3
38869.7889335,G,3
39161.3617879,G,3
39527.7087219,1,3
39543.2920573,G,3
39355.0450306,G,3
39013.0029762,G,3
39423.3397048,G,3
39520.2950488,1,3
39532.2506276,G,3
39349.5196854,1,3
39348.3401361,G,3
39516.4330783,G,3
39233.3901097,G,3
39451.4911696,G,3
39180.3245628,G,3
39543.8300979,G,3
39196.6086849,1,3
39070.9725805,G,3
39370.492633,1,3
39407.0132677,G,3
39541.0765606,1,3
39319.7710913,G,3
39439.6784322,1,3
39484.3008379,1,3
39458.5953498,1,3
39321.1264906,G,3
39456.0923131,G,3
39455.1738061,1,3
42608.508494,3,G
42607.11894,3,1
42669.6218053,3,G
42657.5756853,3,G
42602.2483284,3,1
42617.0894025,3,1
42647.8656051,3,G
42626.4972553,3,G
42679.299944,3,G
42608.2873467,3,G
42604.0804062,3,1
42600.1087243,3,G
42602.655821,3,1
42710.0779717,3,G
42719.021059,3,G
42601.2206782,3,1
42681.3060533,3,G
42607.3280853,3,1
42684.9530822,3,G
42600.5010322,3,1
42600.9782831,3,1
42782.8565427,3,G
42602.7422446,3,G
42603.2845987,3,1
42727.4548346,3,G
42601.7118109,3,G
42608.0679136,3,G
42604.4768855,3,1
42652.6520338,3,1
42657.8768665,3,G
42600.3037596,3,G
42712.3458108,3,1
42715.4908558,3,G
42657.5640999,3,G
42713.5060284,3,G
42600.3734023,3,G
42639.5292116,3,G
42601.906422,3,G
42600.0652931,3,1
42600.0640183,3,G
42968.9140712,3,1
42730.980389,3,G
42603.3258042,3,1
42616.0980319,3,G
42709.5097271,3,G
42636.263179,3,G
42611.0867429,3,G
42600.3625932,3,G
42605.0151513,3,G
42611.6442844,3,G
42628.7824052,3,G
42626.579522,3,G
42751.8705831,3,1
42612.4184812,3,1
42944.3609409,3,1
42611.5965546,3,1
42949.0272491,3,1
42775.9587247,3,1
42616.5739252,3,1
42604.5689729,3,1
42612.623107,3,1
42611.5378685,3,G
42612.4508901,3,G
42658.8177715,3,1
42766.8047773,3,G
42600.1095635,3,1
42819.0802854,3,1
42709.2430012,3,G
42606.3923003,3,G
42608.7368707,3,G
42612.9319555,3,1
42692.3002718,3,1
42661.157973,3,G
42634.0766605,3,G
42605.577523,3,G
42610.2120679,3,G
42846.6805662,3,G
42603.1975988,3,G
42602.4573172,3,G
42600.0424831,3,1
42613.7191917,3,G
42600.2934208,3,G
42600.0064503,3,G
